（けみ）,2017,
OZIZI,2017,
くりーぷ,2017,
TOCK,2017,
エマ,2017,
まめぱと,2016,
Faker,2016,
よっしー,2016,
てんつゆ,2016,
黄朱,2016,
ヒッさん,2016,
かいとく,2016,
村人D,2016,
ふゅーらー,2016,
ryota,2016,
HN非公開,,
かれーやん（6回生）,2018,
かろろん,2016,
かぐや,2016,
ルイヒール,2015,
KON,2015,
にゃる,2015,
ぴーまん,2015,
AA,2015,
れげんだり,2015,lesgendary
シャズ,2015,
球磨,2015,
しゃらん,2015,
ゆきち,2015,
わらわら,2014,warawara
ちゅｎ,2014,chun/chunTest
ダガー†,2014,daga
バルシー,2014,baru
いれゆ,2014,ireyuu
やねっち,2014,yAnecchi/yAnecchi
GTO,2014,
はかせ,2013,hakase
SHIB∀,2013,SHIVA
台風,2013,taihu
芭奈,2013,
すいか,2013,suika
はりはら,2013,harihara/harihara
杉並委員長,2013,suginami
てきとう,2013,tekitou
のろ,2013,noro
sol,2013,sol
yuM!,2013,yumi
腰巾着,2013,koshiginchaku/koshiginchaku
西(TK),2013,
まこと(35)…,2012,makoto(35)
taiyaki,2011,
siki,2011,siki
秋風,2011,akikaze
pen,2011,pen
NECO,2011,NECO/NECO
ext,2010,ext
KAZ,2010,KAZ
充,2010,mituru
都倉 欅,2010,
Arzt,2010,Arzt
JK,2010,JK
tatsuya,2009,
soh,2009,
麻呂子,2009,
ふみ,2009,
Iris,2008,
ななふし,2008,
alt,2008,
kxspctrm,2008,kxspctrm
clatchcase,2008,
エルモア,2008,
TAKA,2008,
alford,2008,
トイロ,2007,
777,2007,
kyoutiku,2007,
tetu,2007,
Toshi,2007,
YOF,2007,
みくりあ,2007,
owl,2006,
yumu,2006,
海月,2006,
N,2006,
Mr.T,2006,
userL,2006,
YORI,2006,
Japa,2005,
ハマー,2005,
str,2005,
G.yuki,2005,
トキノ,2005,
100年,2005,
GGX,2005,
muu,2004,
born,2004,
Mio,2004,
ASG,2004,
北風,2003,
taki,2003,
のら,2003,
kwk,2003,
玲,2003,
XiX,2003,
tws,2003,
k,2003,
天麩羅,2003,
明神,2003,
hr=,2003,
長月,2002,
heine,2002,
山崎,2002,
fm717,2002,
omu,2001,
krd,2001,
Nagi,～2000,
YSK,～2000,
ZZZ,～2000,
枕木☆,～2000,
zin,～2000,
Sai,～2000,
さりえる,～2000,
Y.T,～2000,
遠野,～2000,
mkm,～2000,
@,～2000,
hmx,～2000,
DHK,～2000,
∀,～2000,
